City_ID,City,Lat,Lng,Max Temp,Humidity,Cloudiness,Wind Speed,Country,Date
0,port-aux-francais,-49.35,70.2167,0.38,71,100,1.72,TF,1727586976
1,myrina,39.8797,25.0742,15.58,88,20,0.0,GR,1727586978
2,blackmans bay,-43.0167,147.3167,16.52,55,100,0.45,AU,1727586980
3,hadibu,12.65,54.0333,26.6,80,42,5.62,YE,1727586982
4,kruisfontein,-34.0033,24.7314,10.56,76,97,12.76,ZA,1727586984
5,port lincoln,-34.7333,135.8667,16.11,51,8,9.17,AU,1727586986
6,utrik,11.2278,169.8474,26.23,88,100,7.27,MH,1727586988
7,bethel,41.3712,-73.414,16.12,90,100,2.57,US,1727586990
8,grytviken,-54.2811,-36.5092,-1.08,68,18,3.55,GS,1727586992
9,kotel'nikovo,47.6317,43.1461,16.25,34,8,8.92,RU,1727586994
10,longyearbyen,78.2186,15.6401,0.91,93,100,2.57,SJ,1727586996
11,corner brook,48.9667,-57.9484,8.31,96,92,1.26,CA,1727586998
12,yellowknife,62.456,-114.3525,5.23,98,75,3.21,CA,1727587000
13,pizarro,4.9533,-77.366,23.23,89,100,1.36,CO,1727587002
14,college,64.8569,-147.8028,2.99,87,20,0.0,US,1727587004
15,adamstown,-25.066,-130.1015,19.66,68,92,4.78,PN,1727587006
16,fale old settlement,-9.3852,-171.2468,28.18,77,49,5.16,TK,1727587008
17,umm ruwaba,12.9061,31.2158,27.66,59,8,2.5,SD,1727587010
18,nemuro,43.3236,145.575,16.23,81,3,3.61,JP,1727587012
19,remire-montjoly,4.9167,-52.2667,26.02,89,0,2.06,GF,1727587014
20,kavaratti,10.5669,72.642,28.25,78,69,5.56,IN,1727587018
21,tindouf,27.6711,-8.1474,23.76,53,0,3.19,DZ,1727587020
22,punta arenas,-53.15,-70.9167,-0.94,93,40,6.69,CL,1727587022
23,mbaiki,3.8678,17.9892,20.89,98,100,0.79,CF,1727587024
24,laramie,41.3114,-105.5911,18.21,25,0,5.14,US,1727586886
25,palikir - national government center,6.9248,158.1611,26.55,82,100,3.41,FM,1727587028
26,baotou,40.6522,109.8222,13.18,64,95,8.29,CN,1727587032
27,bikenibeu village,1.3673,173.1241,29.98,79,20,4.12,KI,1727587034
28,vilhena,-12.7406,-60.1458,24.56,52,22,1.01,BR,1727587036
29,tatui,-23.3556,-47.8569,12.55,88,1,4.56,BR,1727587038
30,stanley,54.868,-1.6985,7.01,94,0,1.03,GB,1727587040
31,ilulissat,69.2167,-51.1,6.01,81,100,6.17,GL,1727587042
32,kili,5.6439,169.1211,29.35,67,100,4.3,MH,1727587046
33,baiti,13.745,-14.7482,23.44,94,100,2.8,SN,1727587048
34,uturoa,-16.7333,-151.4333,26.8,76,59,5.07,PF,1727587050
35,port alfred,-33.5906,26.891,11.77,84,97,2.68,ZA,1727587054
36,badger,64.8,-147.5333,3.53,88,0,0.0,US,1727587056
37,kununurra,-15.7667,128.7333,38.99,24,40,6.17,AU,1727587058
38,tiksi,71.6872,128.8694,-0.2,78,100,0.77,RU,1727587060
39,rolla,37.9514,-91.7713,20.04,90,100,3.09,US,1727587062
40,ushuaia,-54.8,-68.3,-3.19,59,0,2.57,AR,1727587066
41,waitangi,-43.9535,-176.5597,9.34,82,22,5.81,NZ,1727587068
42,igarka,67.4667,86.5833,7.65,92,100,6.91,RU,1727587070
43,choyr,46.3611,108.3611,3.74,66,94,7.18,MN,1727587072
44,port mathurin,-19.6833,63.4167,22.2,74,4,6.17,MU,1727587074
45,najran,17.4924,44.1277,26.35,16,74,0.6,SA,1727587076
46,aydarken,39.9443,71.3429,12.04,44,43,2.44,KG,1727587078
47,avarua,-21.2078,-159.775,23.03,83,100,3.09,CK,1727587080
48,pospelikha,51.95,81.7667,8.94,36,29,1.7,RU,1727587082
49,jamestown,42.097,-79.2353,18.9,99,100,2.06,US,1727587084
50,albany,42.6001,-73.9662,18.65,71,100,0.89,US,1727586923
51,iqaluit,63.7506,-68.5145,4.85,86,75,2.57,CA,1727587088
52,yelizovo,53.1873,158.3805,11.08,66,20,5.0,RU,1727587090
53,edinburgh of the seven seas,-37.0676,-12.3116,12.66,76,90,10.85,SH,1727587092
54,richards bay,-28.783,32.0377,21.69,72,53,4.37,ZA,1727587094
55,rocky mountain house,52.3668,-114.9188,6.66,69,89,0.48,CA,1727587096
56,ak'ordat,15.5486,37.8867,31.22,32,8,1.33,ER,1727587098
57,brisas de zicatela,15.8369,-97.0419,24.37,97,100,1.78,MX,1727587100
58,hawkinsville,32.2838,-83.4721,23.37,75,100,3.98,US,1727587102
59,isafjordur,66.0755,-23.124,0.86,98,100,1.88,IS,1727587104
60,fortuna,40.5982,-124.1573,12.74,94,100,0.0,US,1727587106
61,ankara,39.9199,32.8543,12.58,61,0,0.51,TR,1727587108
62,ejea de los caballeros,42.1263,-1.1372,7.12,69,46,1.76,ES,1727587110
63,vilcun,-38.65,-72.2333,10.54,98,100,3.01,CL,1727587112
64,ahar,38.4774,47.0699,10.58,36,0,2.93,IR,1727587114
65,wailua homesteads,22.0669,-159.378,25.44,78,0,7.72,US,1727587116
66,el jadid,33.2549,-8.506,20.48,79,0,4.39,MA,1727587118
67,saint-denis,48.9167,2.3333,7.45,86,0,3.09,FR,1727587120
68,patacamaya,-17.2333,-67.9167,6.76,80,22,3.05,BO,1727587122
69,greymouth,-42.4667,171.2,10.25,88,98,0.57,NZ,1727587124
70,fort st. john,56.2499,-120.8529,2.94,70,40,3.09,CA,1727587126
71,oum hadjer,13.2954,19.6966,26.27,70,81,3.21,TD,1727587128
72,tazacorte,28.629,-17.9293,22.54,89,100,4.63,ES,1727587130
73,afaahiti,-17.75,-149.2833,25.28,80,52,5.73,PF,1727587132
74,riverton,40.5219,-111.9391,25.08,27,0,4.63,US,1727587134
75,bredasdorp,-34.5322,20.0403,10.03,60,64,8.07,ZA,1727587136
76,east london,-33.0153,27.9116,13.52,76,75,8.75,ZA,1727587138
77,roma,43.2128,-75.4557,18.7,83,75,1.54,US,1727587140
78,hermanus,-34.4187,19.2345,10.45,57,89,10.82,ZA,1727587142
79,vite,17.2833,74.55,26.04,71,19,2.84,IN,1727587144
80,puerto natales,-51.7236,-72.4875,-1.69,89,88,2.08,CL,1727587146
81,pangody,65.85,74.4859,9.76,76,99,7.19,RU,1727587148
82,bijapur,16.8333,75.7,27.67,60,8,1.76,IN,1727587152
83,dongkan,33.9997,119.8308,30.05,51,0,6.15,CN,1727587154
84,bamboo flat,11.7,92.7167,31.05,74,40,2.57,IN,1727587156
85,namibe,-15.1961,12.1522,17.29,88,47,1.8,AO,1727587158
86,aasiaat,68.7098,-52.8699,2.95,98,100,5.15,GL,1727587160
87,westport,41.1415,-73.3579,17.17,91,100,7.2,US,1727587162
88,gypsum,39.6469,-106.9517,16.12,41,0,1.54,US,1727587164
89,papatowai,-46.5619,169.4708,11.9,70,68,6.02,NZ,1727587166
90,talnakh,69.4865,88.3972,3.3,100,100,4.95,RU,1727587168
91,necochea,-38.5473,-58.7368,11.33,72,22,2.47,AR,1727587170
92,sitka,57.0531,-135.33,9.94,81,40,2.06,US,1727587131
93,la sarre,48.8002,-79.1996,13.8,94,0,1.99,CA,1727587174
94,ribeira grande,38.5167,-28.7,24.32,94,100,7.6,PT,1727587176
95,mutoko,-17.397,32.2268,20.3,50,0,0.98,ZW,1727587178
96,port elizabeth,-33.918,25.5701,13.51,77,0,8.75,ZA,1727587180
97,evanston,42.0411,-87.6901,21.7,83,100,5.66,US,1727587182
98,flying fish cove,-10.4217,105.6791,27.82,83,100,5.66,CX,1727587186
99,hawaiian paradise park,19.5933,-154.9731,23.74,82,2,2.19,US,1727587188
100,olonkinbyen,70.9221,-8.7187,-1.74,68,100,5.23,SJ,1727587190
101,lijiang,26.8688,100.2207,22.69,56,89,1.97,CN,1727587192
102,whitehorse,60.7161,-135.0538,3.78,73,40,1.54,CA,1727586940
103,geraldton,-28.7667,114.6,22.23,35,0,2.06,AU,1727587196
104,klyuchi,52.2667,79.1667,11.64,32,14,4.7,RU,1727587198
105,guerrero negro,27.9769,-114.0611,19.12,87,0,7.27,MX,1727587200
106,novodvinsk,64.4165,40.8122,6.86,82,7,2.58,RU,1727587202
107,bhag,29.0415,67.8239,35.67,36,0,3.66,PK,1727587204
108,touros,-5.1989,-35.4608,24.98,78,11,5.95,BR,1727587206
109,tura,25.5198,90.2201,27.08,92,100,1.69,IN,1727587208
110,coahuayana de hidalgo,18.7,-103.6583,23.69,93,99,1.57,MX,1727587210
111,kidal,18.4411,1.4078,28.42,53,43,2.51,ML,1727587212
112,aktau,43.65,51.2,19.32,39,0,9.18,KZ,1727587213
113,bilibino,68.0546,166.4372,-0.26,97,100,3.4,RU,1727587215
114,thompson,55.7435,-97.8558,4.09,93,0,1.03,CA,1727587217
115,lys'va,58.1086,57.8053,14.38,41,100,5.99,RU,1727587219
116,invercargill,-46.4,168.35,12.23,68,68,6.71,NZ,1727587221
117,cold springs,39.6802,-119.9766,20.34,22,0,3.6,US,1727587223
118,west island,-12.1568,96.8225,27.99,69,40,6.17,CC,1727587225
119,suomussalmi,64.8869,28.9078,1.25,93,6,3.21,FI,1727587227
120,las heras,-46.5419,-68.9359,6.97,65,91,3.07,AR,1727587229
121,puerto real,36.5282,-6.1901,19.07,72,0,4.12,ES,1727587231
122,hasaki,35.7333,140.8333,23.34,74,100,7.22,JP,1727587233
123,kenai,60.5544,-151.2583,6.75,75,0,2.06,US,1727587235
124,sampacho,-33.3839,-64.7221,18.12,40,9,3.28,AR,1727587237
125,weno,7.4515,151.8468,28.97,79,100,4.63,FM,1727587239
126,chernogorsk,53.8236,91.2842,6.76,53,0,2.0,RU,1727587241
127,constantia,44.1833,28.65,17.61,89,100,3.72,RO,1727587243
128,castillos,-34.1667,-53.8333,12.94,95,14,2.67,UY,1727587245
129,tromso,69.6496,18.957,0.01,93,0,2.06,NO,1727587247
130,cumming,34.2073,-84.1402,18.23,93,100,0.9,US,1727587029
131,sinabang,2.4803,96.3801,27.94,78,67,0.94,ID,1727587251
132,ust-tsilma,65.441,52.1498,11.58,78,80,5.97,RU,1727587253
133,caluula,11.9661,50.7569,29.82,69,10,0.17,SO,1727587255
134,linfen,36.0889,111.5189,21.59,72,100,1.65,CN,1727587257
135,madalena,41.2162,-8.3345,13.59,79,99,1.23,PT,1727587259
136,acajutla,13.5928,-89.8275,25.34,89,100,5.19,SV,1727587261
137,raton,36.9034,-104.4391,11.34,71,0,3.09,US,1727587263
138,coquimbo,-29.9533,-71.3436,12.85,80,100,2.06,CL,1727587265
139,mount pleasant,32.7941,-79.8626,24.99,97,100,0.0,US,1727587267
140,vadso,70.0744,29.7487,4.09,81,100,2.06,NO,1727587269
141,hobyo,5.3505,48.5268,26.31,78,52,6.23,SO,1727587271
142,saipan,15.1355,145.701,31.39,70,75,6.17,MP,1727587273
143,darwin,-12.4611,130.8418,33.99,55,20,5.66,AU,1727587229
144,margaret river,-33.95,115.0667,16.1,58,56,4.6,AU,1727587279
145,sandnessjoen,66.0217,12.6316,7.64,65,100,9.37,NO,1727587281
146,haiku-pauwela,20.9219,-156.3051,25.02,65,20,8.23,US,1727587283
147,hyrum,41.6341,-111.8522,23.14,39,0,4.02,US,1727587285
148,mount pearl,47.5166,-52.7813,12.2,95,100,5.66,CA,1727587287
149,barra de santo antonio,-9.4047,-35.5072,24.81,80,96,5.06,BR,1727587289
150,ciudad lazaro cardenas,17.9583,-102.2,25.17,89,100,1.99,MX,1727587291
151,vorkuta,67.5,64.0,9.91,90,100,5.02,RU,1727587293
152,auki,-8.7676,160.7034,29.05,63,94,0.61,SB,1727587295
153,sursk,53.0754,45.6846,12.57,30,99,6.09,RU,1727587297
154,kaduy,59.2,37.15,13.07,87,100,4.98,RU,1727587299
155,chibougamau,49.9168,-74.3659,9.79,100,20,2.06,CA,1727587301
156,akrehamn,59.2667,5.1833,6.14,93,82,4.12,NO,1727587303
157,omura,32.9214,129.9539,31.9,46,40,4.12,JP,1727587305
158,ashburton,-37.8626,145.0794,15.77,83,100,1.79,AU,1727587309
159,pesqueira,-8.3578,-36.6964,18.63,89,100,4.88,BR,1727587311
160,kashgar,39.4547,75.9797,10.56,76,75,3.0,CN,1727587313
161,gagarin,55.5529,34.9954,13.4,89,100,1.94,RU,1727587315
162,nguigmi,14.2495,13.1092,29.11,50,34,3.2,NE,1727587317
163,black forest,39.0131,-104.7008,16.33,35,0,3.6,US,1727587319
164,nizhneudinsk,54.9076,99.0276,4.95,49,92,3.97,RU,1727587321
165,mahoba,25.2833,79.8667,29.08,76,99,2.97,IN,1727587323
166,udachny,66.4167,112.4,1.27,92,100,6.68,RU,1727587325
167,ust-nera,64.5667,143.2,1.16,82,100,1.53,RU,1727587327
168,yaren,-0.5472,166.916,28.5,68,83,4.51,NR,1727587329
169,parfino,57.9731,31.6481,10.45,76,100,3.44,RU,1727587333
170,qaqortoq,60.7167,-46.0333,3.01,88,58,1.79,GL,1727587335
171,bajil,15.0584,43.2851,32.19,63,96,1.41,YE,1727587338
172,happy valley-goose bay,53.3168,-60.3315,7.17,81,0,3.09,CA,1727587342
173,ubari,26.5921,12.7805,26.77,32,0,3.4,LY,1727587344
174,dunedin,-45.8742,170.5036,12.67,66,94,3.13,NZ,1727587346
175,hamilton,39.1834,-84.5333,19.12,96,100,3.6,US,1727587348
176,gagnoa,6.1293,-5.9437,21.38,99,97,1.24,CI,1727587350
177,georgetown,5.4112,100.3354,30.96,71,20,3.6,MY,1727587352
178,lihue,21.9789,-159.3672,25.77,75,0,7.72,US,1727587108
179,polonne,50.1242,27.5109,12.44,87,99,6.27,UA,1727587356
180,kodiak,57.79,-152.4072,7.73,93,100,7.2,US,1727587358
181,usinsk,65.9939,57.5281,9.91,98,100,3.34,RU,1727587360
182,ciudad rodrigo,40.6,-6.5333,11.03,47,66,1.46,ES,1727587362
183,feijo,-8.1642,-70.3536,22.63,99,93,1.46,BR,1727587364
184,palopo,-2.9996,120.1921,30.79,60,66,2.08,ID,1727587368
185,gadzhiyevo,69.2551,33.3362,5.01,81,86,2.92,RU,1727587370
186,trairi,-3.2778,-39.2689,25.26,74,92,6.65,BR,1727587372
187,susuman,62.7833,148.1667,-0.35,94,100,2.1,RU,1727587374
188,carutapera,-1.195,-46.02,25.31,80,72,4.16,BR,1727587378
189,codrington,-38.2667,141.9667,15.11,56,14,9.52,AU,1727587380
190,aral,40.5156,81.2636,14.57,36,21,2.25,CN,1727587382
191,sarapul,56.4763,53.7978,15.52,29,100,7.71,RU,1727587384
192,san mariano,7.5,126.0,30.99,65,94,2.54,PH,1727587386
193,enewetak,11.3474,162.3373,28.38,77,100,4.47,MH,1727587388
194,batticaloa,7.7102,81.6924,30.0,69,97,5.84,LK,1727587390
195,st. john's,47.5649,-52.7093,12.66,92,100,5.66,CA,1727587392
196,hutang,31.5333,119.4833,29.23,57,1,6.3,CN,1727587394
197,cova figueira,14.8905,-24.2934,21.12,85,100,2.29,CV,1727587396
198,chonchi,-42.6128,-73.8092,9.51,99,100,1.6,CL,1727587398
199,woods creek,47.8787,-121.8985,12.47,93,100,0.73,US,1727587400
200,gilgit,35.9221,74.3087,21.47,35,2,2.05,PK,1727587402
201,ji'an,27.1172,114.9793,33.12,50,50,1.79,CN,1727587404
202,crane,31.3974,-102.3501,23.12,38,0,4.3,US,1727587406
203,lebu,-37.6167,-73.65,11.95,98,100,4.53,CL,1727587408
204,keflavik,64.0049,-22.5624,6.24,93,100,5.66,IS,1727587410
205,nchelenge,-9.3451,28.734,23.94,37,37,1.22,ZM,1727587412
206,gorontalo,0.5412,123.0595,31.11,65,54,4.73,ID,1727587414
207,sisimiut,66.9395,-53.6735,6.9,87,100,7.08,GL,1727587416
208,moab,38.5733,-109.5498,25.83,22,1,2.56,US,1727587418
209,padangsidempuan,1.3667,99.2667,26.73,85,100,1.48,ID,1727587420
210,puerto baquerizo moreno,-0.9,-89.6,20.13,91,87,5.03,EC,1727587422
211,naze,28.3667,129.4833,26.51,88,100,3.32,JP,1727587424
212,atvidaberg,58.2015,15.9977,2.66,91,16,2.8,SE,1727587426
213,teisendorf,47.85,12.8167,7.57,93,75,1.03,DE,1727587428
214,shihezi,44.3,86.0333,12.5,28,0,3.52,CN,1727587430
215,tabas,33.5959,56.9244,21.19,15,92,4.7,IR,1727587432
216,mhango,-3.2833,32.85,23.89,64,92,2.31,TZ,1727587434
217,kirakira,-10.4544,161.9205,28.47,74,97,4.05,SB,1727587436
218,tanout,14.9709,8.8879,29.02,47,67,4.91,NE,1727587438
219,port augusta,-32.5,137.7667,18.96,39,2,7.58,AU,1727587440
220,freeport,40.6576,-73.5832,16.99,89,100,5.14,US,1727587444
221,cottonwood,34.7392,-112.0099,29.2,21,5,1.34,US,1727587446
222,la passe,45.5549,-0.8967,11.1,69,100,4.41,FR,1727587448
223,kudymkar,59.0173,54.656,15.3,41,100,6.87,RU,1727587450
224,iskateley,67.6803,53.1512,8.38,72,90,10.02,RU,1727587452
225,baghdad,33.3406,44.4009,25.95,34,0,4.63,IQ,1727587454
226,tikaitnagar,26.95,81.5833,28.14,77,92,2.77,IN,1727587456
227,i-n-salah,27.1935,2.4607,30.43,26,0,4.69,DZ,1727587458
228,puerto ayora,-0.7393,-90.3518,20.31,95,90,1.79,EC,1727587460
229,kolonia,50.9333,6.95,6.65,92,16,1.54,DE,1727587462
230,laguna,38.421,-121.4238,19.08,70,0,3.09,US,1727587464
231,talara,-4.5772,-81.2719,18.73,82,100,4.79,PE,1727587466
232,rio gallegos,-51.6226,-69.2181,-0.97,69,0,4.63,AR,1727587468
233,oranjemund,-28.55,16.4333,13.14,68,100,7.89,NA,1727587470
234,gopalpur,19.2667,84.9167,30.26,74,96,3.39,IN,1727587472
235,bay minette,30.883,-87.773,24.25,81,29,1.14,US,1727587474
236,koungheul,13.9833,-14.8,24.24,93,100,2.54,SN,1727587476
237,hotan,37.0997,79.9269,16.19,42,26,3.38,CN,1727587478
238,guarapari,-20.6667,-40.4975,21.31,88,100,4.5,BR,1727587480
239,kostomuksha,64.571,30.5767,2.02,82,66,3.52,RU,1727587482
240,sandy point town,17.35,-62.8333,28.28,74,49,7.03,KN,1727587484
241,tsiombe,-25.3,45.4833,23.3,77,86,2.33,MG,1727587486
242,shizunai-furukawacho,42.3339,142.3669,18.93,74,29,4.27,JP,1727587487
243,khonsa,27.0167,95.5667,23.37,99,100,0.58,IN,1727587489
244,san andres,12.5847,-81.7006,28.01,89,20,1.54,CO,1727587491
245,okakarara,-20.5833,17.4333,13.85,45,0,2.78,NA,1727587493
246,nongstoin,25.5167,91.2667,22.29,89,100,2.41,IN,1727587495
247,queenstown,-31.8976,26.8753,12.44,54,48,5.78,ZA,1727587211
248,okhotsk,59.3833,143.3,8.96,55,100,7.81,RU,1727587499
249,kapa'a,22.0752,-159.319,26.18,75,0,7.72,US,1727587501
250,vikhorevka,56.1201,101.1636,3.76,55,57,4.37,RU,1727587503
251,vernon,50.2581,-119.2691,13.75,68,100,0.51,CA,1727587505
252,san antonio de pale,-1.4014,5.6325,25.11,81,64,5.37,GQ,1727587507
253,chongwe,-15.3292,28.682,22.91,34,5,2.09,ZM,1727587509
254,kodinar,20.7903,70.7031,27.27,79,100,2.7,IN,1727587511
255,kone,-21.0595,164.8658,25.22,64,74,1.65,NC,1727587513
256,serowe,-22.3833,26.7167,24.18,32,55,2.45,BW,1727587515
257,kalaleh,37.3807,55.4916,18.78,82,75,0.0,IR,1727587517
258,anadyr,64.75,177.4833,2.28,80,75,2.0,RU,1727587519
259,cabo san lucas,22.8909,-109.9124,28.75,76,100,4.03,MX,1727587416
260,altai,46.3722,96.2583,-2.63,52,80,2.69,MN,1727587523
261,ibipeba,-11.6408,-42.0111,20.06,83,90,4.66,BR,1727587525
262,katiola,8.1333,-5.1,21.55,98,99,1.26,CI,1727587527
263,kangding,30.0513,101.9603,21.31,79,100,2.65,CN,1727587529
264,jaguarao,-32.5661,-53.3758,13.63,93,1,2.42,BR,1727587531
265,mavoor,11.2667,75.9167,29.3,74,40,1.54,IN,1727587535
266,big rapids,43.6981,-85.4837,17.04,72,75,1.54,US,1727587537
267,callao,-12.0667,-77.15,17.16,77,100,3.6,PE,1727587539
268,esikhaleni,-28.871,31.8996,21.87,68,50,3.94,ZA,1727587541
269,umluj,25.0213,37.2685,30.18,49,1,4.21,SA,1727587543
270,posto fiscal rolim de moura,-13.0833,-62.2667,26.05,54,26,0.68,BR,1727587545
271,wamba,8.9333,8.6,21.22,97,67,0.48,NG,1727587547
272,aoulef,26.9667,1.0833,30.12,25,0,4.16,DZ,1727587549
273,saint-philippe,-21.3585,55.7679,23.66,68,5,2.53,RE,1727587551
274,boa vista,2.8197,-60.6733,26.99,83,0,2.06,BR,1727587267
275,tocopilla,-22.092,-70.1979,16.68,61,28,0.61,CL,1727587555
276,tanjung selor,2.8372,117.3642,35.1,44,60,1.63,ID,1727587557
277,taoudenni,22.6783,-3.9836,32.97,21,9,4.49,ML,1727587559
278,novo aripuana,-5.1206,-60.3797,22.64,92,80,0.75,BR,1727587561
279,lodwar,3.1191,35.5973,29.16,42,99,6.6,KE,1727587563
280,bhuban,20.8833,85.8333,31.99,66,34,2.65,IN,1727587565
281,atafu village,-8.5421,-172.5159,28.43,72,52,4.36,TK,1727587567
282,la crosse,43.8014,-91.2396,16.96,94,0,1.54,US,1727587569
283,camocim,-2.9022,-40.8411,24.49,85,42,7.05,BR,1727587571
284,fall river,41.7015,-71.1551,15.79,90,100,1.54,US,1727587573
285,mindelo,16.8901,-24.9804,25.75,94,20,4.12,CV,1727587575
286,xinmin,41.9908,122.8253,25.21,54,78,7.89,CN,1727587577
287,puerto aysen,-45.4,-72.7,4.92,100,100,2.0,CL,1727587579
288,kirensk,57.7853,108.1119,6.35,42,33,4.99,RU,1727587581
289,tolanaro,-25.0319,46.9987,24.04,88,20,3.09,MG,1727587583
290,newman,37.3138,-121.0208,21.13,61,0,2.56,US,1727587585
291,angaur state,6.906,134.13,29.39,73,10,5.43,PW,1727587587
292,sidney,-33.8679,151.2073,20.4,78,75,5.66,AU,1727587482
293,butwal,27.7006,83.4484,29.16,68,58,1.71,NP,1727587591
294,nuriootpa,-34.4833,139.0,16.67,39,15,8.36,AU,1727587593
295,mount gambier,-37.8333,140.7667,15.32,51,9,6.49,AU,1727587595
296,palmer,42.1584,-72.3287,16.24,75,100,1.54,US,1727587597
297,kungur,57.4368,56.9593,14.75,38,100,9.01,RU,1727587412
298,deshnoke,27.8,73.35,33.94,41,49,1.04,IN,1727587601
299,ghat,24.9647,10.1728,29.22,30,1,3.76,LY,1727587603
300,namsos,64.4662,11.4957,2.95,87,20,1.54,NO,1727587605
301,kingston,17.997,-76.7936,28.53,79,40,3.09,JM,1727587607
302,lazaro cardenas,17.9583,-102.2,25.17,89,100,1.99,MX,1727587609
303,tobelo,1.7284,128.0095,30.26,67,15,4.34,ID,1727587611
304,yeniseysk,58.4497,92.1703,3.47,86,100,4.1,RU,1727587613
305,hilo,19.7297,-155.09,23.38,91,12,0.89,US,1727587615
306,plastun,44.7561,136.2939,19.63,58,1,3.87,RU,1727587617
307,schuylkill haven,40.6307,-76.1711,16.56,99,100,0.45,US,1727587619
308,ulsteinvik,62.3432,5.8487,6.07,90,100,1.79,NO,1727587621
309,celestun,20.8667,-90.4,26.88,82,92,3.71,MX,1727587623
310,tazovsky,67.4667,78.7,8.23,83,99,6.59,RU,1727587625
311,saint-egreve,45.2333,5.6833,6.13,97,80,1.14,FR,1727587627
312,el nido,11.1858,119.3956,29.62,72,97,4.61,PH,1727587629
313,al faw,29.9776,48.4741,31.39,31,0,2.96,IQ,1727587631
314,pedernales,18.0384,-71.744,28.41,70,72,1.36,DO,1727587633
315,karratha,-20.7377,116.8463,31.31,29,0,6.01,AU,1727587635
316,vilyuchinsk,52.9306,158.4028,11.15,62,11,2.48,RU,1727587637
317,enshi,30.3,109.4833,32.5,47,45,1.35,CN,1727587639
318,bethanie,-26.4833,17.15,8.33,69,15,2.9,NA,1727587641
319,nyurba,63.2842,118.3319,1.27,95,100,6.56,RU,1727587643
320,al burayqah,30.4062,19.5739,24.74,70,0,2.88,LY,1727587645
321,aldinga beach,-35.2793,138.4604,16.15,61,11,7.97,AU,1727587647
322,nuku'alofa,-21.1333,-175.2,23.19,88,20,3.6,TO,1727587649
323,dispur,26.1425,91.7889,27.97,85,100,1.91,IN,1727587651
324,lerwick,60.1545,-1.1494,7.75,87,100,3.95,GB,1727587653
325,dawei,14.0833,98.2,30.45,70,79,2.71,MM,1727587657
326,buka,40.8108,69.1986,20.24,26,85,2.91,UZ,1727587659
327,jiwani,25.05,61.7417,27.85,72,88,3.07,PK,1727587661
328,sur,22.5667,59.5289,30.68,55,33,6.82,OM,1727587663
329,nago,26.5881,127.9761,28.28,82,100,3.79,JP,1727587665
330,bafoulabe,13.8065,-10.8321,25.64,85,72,0.77,ML,1727587667
331,kasongo-lunda,-6.4667,16.8167,22.07,87,71,1.17,CD,1727587669
332,neryungri,56.6709,124.6491,3.63,53,88,3.23,RU,1727587671
333,massawa,15.6097,39.45,31.77,62,10,1.4,ER,1727587673
334,olyokminsk,60.3736,120.4264,6.78,47,59,7.43,RU,1727587675
335,balqash,46.8481,74.995,13.33,41,0,6.0,KZ,1727587677
336,lepsy,46.235,78.9456,12.82,32,0,7.29,KZ,1727587679
337,rikaze,29.25,88.8833,16.71,40,79,0.5,CN,1727587681
338,la palma,33.8464,-118.0467,17.43,88,0,3.09,US,1727587683
339,rio grande,-32.035,-52.0986,15.63,91,20,4.07,BR,1727587685
340,ko pha ngan,9.7578,100.0291,28.38,76,100,3.52,TH,1727587687
341,zabid,14.1951,43.3152,31.5,73,61,1.19,YE,1727587689
342,corfu,39.62,19.9197,23.99,88,75,4.12,GR,1727587691
343,vorgashor,67.5833,63.95,9.72,90,100,5.15,RU,1727587693
344,manicore,-5.8092,-61.3003,22.98,91,10,0.81,BR,1727587697
345,labuan,5.2767,115.2417,31.2,74,20,2.06,MY,1727587699
346,khandyga,62.6667,135.6,1.02,88,100,3.08,RU,1727587701
347,cole harbour,44.6724,-63.4751,11.51,94,4,0.45,CA,1727587703
348,kudahuvadhoo,2.6708,72.8944,28.64,75,100,5.88,MV,1727587705
349,rongelap,11.1635,166.8941,28.74,74,100,4.14,MH,1727587707
350,al fallujah,33.3538,43.7795,27.57,24,0,5.98,IQ,1727587709
351,bathsheba,13.2167,-59.5167,27.34,89,40,2.57,BB,1727587713
352,alice springs,-23.7,133.8833,18.75,68,100,6.17,AU,1727587715
353,burang,30.25,81.1667,10.95,42,24,1.75,CN,1727587717
354,talcahuano,-36.7167,-73.1167,12.82,94,100,2.06,CL,1727587719
355,haikou,20.0458,110.3417,35.07,49,40,1.0,CN,1727587721
356,cururupu,-1.8283,-44.8683,23.8,87,53,1.78,BR,1727587723
357,zhezqazghan,47.7833,67.7667,16.32,44,0,4.0,KZ,1727587725
358,antalaha,-14.9003,50.2788,24.78,68,2,1.43,MG,1727587727
359,la'ie,21.6477,-157.9253,27.98,71,0,2.24,US,1727587729
360,port isabel,26.0734,-97.2086,26.02,83,0,2.06,US,1727587731
361,shubarshi,48.5872,57.1869,18.83,30,3,3.24,KZ,1727587733
362,eydhafushi,5.1033,73.0708,28.45,78,91,6.25,MV,1727587735
363,gitega,-3.5,29.95,21.97,32,100,1.06,BI,1727587737
364,qaisumah,28.3112,46.1273,27.98,17,0,3.09,SA,1727587739
365,timaru,-44.4,171.25,14.48,61,100,2.24,NZ,1727587740
366,piti village,13.4626,144.6933,31.49,78,20,4.63,GU,1727587742
367,fort bragg,35.139,-79.006,22.68,95,0,0.0,US,1727587744
368,dongsheng,39.8161,109.9776,11.17,71,100,10.26,CN,1727587746
369,tweed heads,-28.1817,153.547,24.02,69,20,8.23,AU,1727587748
370,horta,38.5333,-28.6333,23.9,93,100,9.83,PT,1727587750
371,birao,10.2849,22.7882,22.48,96,100,2.77,CF,1727587752
372,kayangel,8.0823,134.7173,29.26,73,3,4.57,PW,1727587754
373,laojunmiao,39.8333,97.7333,5.19,46,81,3.3,CN,1727587756
374,martapura,-3.4167,114.85,25.05,94,20,3.6,ID,1727587758
375,verkhnevilyuysk,63.4453,120.3167,0.9,95,100,6.22,RU,1727587760
376,nurmo,62.8287,22.9099,2.97,94,0,3.09,FI,1727587762
377,san pedro pochutla,15.7333,-96.4667,23.73,97,100,1.73,MX,1727587764
378,tralee,52.2704,-9.7026,10.85,92,100,6.83,IE,1727587767
379,bonthe,7.5264,-12.505,24.25,90,95,0.78,SL,1727587769
380,bangkalan,-7.0455,112.7351,33.1,50,29,3.46,ID,1727587771
381,ugoofaaru,5.6667,73.0,28.39,79,100,5.92,MV,1727587775
382,tepatitlan de morelos,20.8167,-102.7333,16.54,95,100,1.18,MX,1727587777
383,yong peng,2.0136,103.0659,30.29,73,100,1.62,MY,1727587779
384,taltal,-25.4,-70.4833,13.36,81,24,0.69,CL,1727587781
385,villaguay,-31.8653,-59.0269,15.43,90,25,3.47,AR,1727587783
386,minas de marcona,-15.2119,-75.1103,11.61,86,40,2.93,PE,1727587785
387,baruun-urt,46.6806,113.2792,0.77,94,100,11.17,MN,1727587787
388,alofi,-19.0595,-169.9187,22.94,83,75,7.2,NU,1727587789
389,ialibu,-6.2821,143.9935,18.44,91,52,1.63,PG,1727587791
390,xiangtan,27.85,112.9,34.54,46,2,2.2,CN,1727587793
391,bokoro,12.3807,17.0568,26.12,71,81,2.51,TD,1727587795
392,kuanda,56.3161,116.0806,7.07,36,1,1.82,RU,1727587797
393,khovd,48.0056,91.6419,2.38,34,46,0.99,MN,1727587799
394,kharabali,47.4196,47.2568,19.28,37,0,10.68,RU,1727587801
395,nantucket,41.2835,-70.0995,15.06,82,100,6.28,US,1727587803
396,oranjestad,12.524,-70.027,29.39,77,100,2.24,AW,1727587805
397,lisakovsk,52.5369,62.4936,18.42,35,33,3.89,KZ,1727587807
398,bonner,48.8333,-117.0013,12.36,70,34,1.13,US,1727587809
399,broken hill,-31.95,141.4333,16.57,56,100,6.18,AU,1727587811
400,sumbawa besar,-8.5,117.4333,37.79,28,3,4.69,ID,1727587813
401,aioun,16.6614,-9.6149,29.95,45,86,2.08,MR,1727587815
402,holualoa,19.6228,-155.9522,23.82,90,35,2.37,US,1727587817
403,tvoroyri,61.5556,-6.8111,8.76,87,99,9.7,FO,1727587819
404,la gi,10.6667,107.7833,30.83,69,71,4.51,VN,1727587821
405,dubreka,9.7911,-13.5233,23.7,95,84,1.14,GN,1727587823
406,hami,42.8,93.45,13.37,21,38,3.83,CN,1727587825
407,nadym,65.5333,72.5167,11.35,74,94,8.31,RU,1727587827
408,argo,37.6333,22.7333,25.14,45,0,1.16,GR,1727587829
409,uniao da vitoria,-26.23,-51.0864,10.59,100,58,0.8,BR,1727587831
410,ballina,-28.8667,153.5667,20.38,85,48,5.18,AU,1727587833
411,puerto rico,-26.796,-55.024,15.46,62,1,1.2,AR,1727587835
412,sychevka,55.8252,34.2736,11.77,92,100,3.2,RU,1727587837
413,turinsk,58.0458,63.696,15.17,42,100,6.64,RU,1727587839
414,anar darah,32.7587,61.654,20.64,31,35,4.57,AF,1727587843
415,nuuk,64.1835,-51.7216,7.34,81,100,13.89,GL,1727587793
416,port douglas,-16.4833,145.4667,25.53,74,27,3.65,AU,1727587849
417,severodvinsk,64.5635,39.8302,7.75,71,26,3.34,RU,1727587851
418,bentiu,9.2333,29.8333,25.65,79,93,2.67,SS,1727587853
419,grand falls-windsor,48.9332,-55.6649,9.72,92,96,1.42,CA,1727587855
420,bolobo,-2.1667,16.2333,23.24,89,100,0.99,CD,1727587857
421,vytegra,61.0064,36.4481,12.56,83,100,6.19,RU,1727587859
422,mana,5.6592,-53.7767,25.67,90,41,4.9,GF,1727587861
423,bam,29.106,58.357,26.45,22,0,4.13,IR,1727587863
424,mostaganem,35.9311,0.0892,21.19,76,0,2.43,DZ,1727587865
425,malanje,-9.5402,16.341,19.26,75,84,4.07,AO,1727587867
426,cidreira,-30.1811,-50.2056,17.37,90,49,7.02,BR,1727587869
427,rincon,32.296,-81.2354,24.98,83,0,4.12,US,1727587871
428,papao,-17.75,-149.55,26.82,74,72,5.22,PF,1727587876
429,markaz-e hukumat-e darweshan,31.1323,64.1934,28.19,14,44,3.24,AF,1727587878
430,cooper's town,26.8667,-77.5167,28.42,78,97,6.53,BS,1727587880
431,nova vicosa,-17.8919,-39.3719,22.38,89,4,1.02,BR,1727587882
432,bardai,11.65,7.2333,21.38,89,100,2.76,NG,1727587884
433,navas,41.8977,1.8742,12.37,69,73,0.89,ES,1727587886
434,santyoku,37.4406,129.1708,21.35,68,98,2.6,KR,1727587888
435,ancud,-41.8697,-73.8203,10.32,91,100,9.15,CL,1727587890
436,quellon,-43.1167,-73.6167,9.49,95,100,3.99,CL,1727587892
437,penzance,50.1186,-5.5371,13.38,75,100,13.68,GB,1727587830
438,taytay,14.5678,121.1394,31.13,76,100,9.77,PH,1727587896
439,kailua-kona,19.6406,-155.9956,25.89,88,19,0.45,US,1727587687
440,petropavlovsk-kamchatsky,53.0452,158.6483,10.33,66,20,5.0,RU,1727587900
441,mili,6.0815,171.735,29.22,65,100,2.02,MH,1727587904
442,carnarvon,-24.8667,113.6333,23.95,36,0,7.9,AU,1727587906
443,manokwari,-0.8667,134.0833,28.97,70,8,3.69,ID,1727587910
444,gombong,-7.6072,109.5142,30.65,64,54,5.43,ID,1727587916
445,tieli,46.95,128.05,21.99,65,61,5.75,CN,1727587918
446,kingscliff,-28.2667,153.5667,24.41,69,20,8.23,AU,1727587920
447,strezhevoy,60.7333,77.5889,8.87,87,100,5.6,RU,1727587922
448,altus,34.6381,-99.334,20.55,50,0,3.09,US,1727587924
449,chui,-33.6971,-53.4616,13.29,94,8,2.5,UY,1727587928
450,cacequi,-29.8836,-54.825,14.75,94,23,3.85,BR,1727587930
451,curup,-3.4667,102.5333,26.98,76,79,0.43,ID,1727587932
452,sao joao da barra,-21.6403,-41.0511,21.66,79,100,4.02,BR,1727587934
453,mejit,10.2753,170.8646,27.3,78,100,3.55,MH,1727587936
454,asmar,35.0333,71.3581,22.65,40,1,2.44,AF,1727587938
455,sabang,5.8933,95.3214,27.85,78,67,8.84,ID,1727587942
456,mitu,1.1983,-70.1733,21.91,97,94,0.22,CO,1727587944
457,nar'yan-mar,67.6713,53.087,8.26,67,91,11.52,RU,1727587946
458,aktobe,50.2797,57.2072,12.05,47,0,0.0,KZ,1727587948
459,ascencion de guarayos,-15.8963,-63.1881,23.1,57,12,0.41,BO,1727587951
460,miguel ahumada,30.6167,-106.5167,23.5,33,0,4.72,MX,1727587953
461,al jawf,29.5,38.75,27.02,29,0,3.91,SA,1727587955
462,kiunga,-6.1219,141.2906,27.86,93,92,1.95,PG,1727587957
463,murray bridge,-35.1167,139.2667,17.66,36,8,6.19,AU,1727587959
464,paradip garh,20.3167,86.6167,31.95,68,73,4.2,IN,1727587961
465,puerto deseado,-47.7503,-65.8938,7.51,63,76,4.45,AR,1727587963
466,antsiranana,-12.2787,49.2917,27.42,54,20,9.26,MG,1727587965
467,alexandria,31.2156,29.9553,26.0,65,0,4.89,EG,1727587967
468,mil'kovo,55.6078,37.7956,18.13,70,100,5.98,RU,1727587969
469,spencer,43.1414,-95.1444,16.38,77,0,2.49,US,1727587973
470,brookings,44.3114,-96.7984,19.51,47,0,2.5,US,1727587975
471,mega,4.05,38.3,17.24,66,100,4.55,ET,1727587978
472,binh long,11.6512,106.6071,30.38,74,92,1.53,VN,1727587980
473,portland,45.5234,-122.6762,16.01,66,100,5.14,US,1727587492
474,san patricio,28.017,-97.5169,22.97,71,0,1.78,US,1727587984
475,tal'menka,53.8183,83.5677,9.34,46,43,3.58,RU,1727587986
476,pontal do parana,-25.6533,-48.5128,15.01,95,35,1.61,BR,1727587988
477,akureyri,65.6835,-18.0878,-0.04,100,100,0.0,IS,1727587992
478,hammerfest,70.6634,23.6821,3.25,93,100,0.0,NO,1727587994
479,swift current,50.2834,-107.8014,16.45,41,0,5.66,CA,1727587822
480,moroni,-11.7022,43.2551,26.03,67,32,1.96,KM,1727588000
481,chios,38.3678,26.1358,15.92,94,0,0.0,GR,1727588002
482,santa rosa de copan,14.7667,-88.7833,16.34,98,51,1.05,HN,1727588004
483,saucillo,28.0167,-105.2833,21.8,37,0,4.87,MX,1727588006
484,oppdal,62.5943,9.6912,-0.75,92,93,2.61,NO,1727588011
485,maputo,-25.9653,32.5892,23.46,80,75,4.63,MZ,1727588013
486,kota,25.1833,75.8333,29.47,70,91,2.49,IN,1727588015
487,san isidro,-12.1167,-77.05,16.77,86,100,3.6,PE,1727588017
488,santana,-0.0583,-51.1817,28.1,89,40,2.57,BR,1727588019
489,cork,51.898,-8.4706,12.02,93,75,11.32,IE,1727588021
490,hirara,24.8,125.2833,29.15,89,75,7.72,JP,1727588023
491,port saint john's,-31.6229,29.5448,18.58,82,67,6.79,ZA,1727588025
492,saint-francois,46.4154,3.9054,2.69,100,100,0.0,FR,1727588027
493,itoman,26.1247,127.6694,30.01,79,75,4.63,JP,1727588030
494,bengkulu,-3.8004,102.2655,29.39,71,86,4.16,ID,1727588032
495,ushtobe,45.2514,77.9838,15.85,22,0,8.72,KZ,1727588034
496,saint-pierre,-21.3393,55.4781,25.82,61,0,3.6,RE,1727588037
497,uzgen,40.7699,73.3007,20.46,20,86,1.88,KG,1727587806
498,lingig,8.0389,126.4125,29.06,75,87,5.15,PH,1727588041
499,katabu,-4.9333,122.5167,33.08,45,78,4.83,ID,1727588043
500,placido de castro,-10.3353,-67.1856,24.68,59,46,0.32,BR,1727588045
501,tesistan,20.7833,-103.4833,15.32,98,95,0.75,MX,1727588047
502,atmakur,15.8833,78.5833,31.78,58,22,1.34,IN,1727588049
503,urengoy,65.9667,78.3667,10.69,73,100,6.46,RU,1727588052
504,rapid valley,44.0625,-103.1463,22.11,32,0,4.12,US,1727588054
505,moose jaw,50.4001,-105.5344,12.14,50,6,5.14,CA,1727588056
506,podporozh'ye,60.9112,34.1706,10.36,85,100,4.79,RU,1727588058
507,pechora,65.1472,57.2244,12.23,85,100,6.38,RU,1727588060
508,fortaleza,-3.7227,-38.5247,26.79,78,75,7.2,BR,1727588063
509,veraval,20.9,70.3667,28.03,77,100,3.08,IN,1727588065
510,zaozersk,69.4005,32.4476,4.89,81,95,1.32,RU,1727588068
511,black point,-34.6187,137.8972,15.92,52,4,8.21,AU,1727588069
512,mundargi,15.2167,75.9,29.12,59,12,1.92,IN,1727588072
513,hithadhoo,-0.6,73.0833,28.38,77,100,5.2,MV,1727588074
514,wuwei,37.9281,102.6414,11.66,45,97,5.94,CN,1727588076
515,bereznik,62.8551,42.7072,11.97,87,100,3.74,RU,1727588078
516,bubaque,11.2833,-15.8333,26.63,79,92,2.19,GW,1727588080
517,kurumkan,54.3,110.3,9.51,35,31,1.14,RU,1727588082
518,yilan,24.757,121.753,29.5,72,100,2.88,TW,1727588084
519,siano,40.8016,14.6936,13.17,64,24,1.51,IT,1727588086
520,dhalie,13.6957,44.7314,27.35,27,56,1.23,YE,1727588088
521,acarau,-2.8856,-40.12,25.09,78,72,8.28,BR,1727588090
522,arauca,7.0847,-70.7591,22.32,99,96,1.49,CO,1727588092
523,arraial do cabo,-22.9661,-42.0278,21.56,76,100,4.52,BR,1727588094
524,charters towers,-20.1,146.2667,34.26,14,0,3.38,AU,1727588097
525,suncho corral,-27.9336,-63.4294,20.57,49,2,5.67,AR,1727588099
526,glace bay,46.1969,-59.957,14.25,92,75,7.72,CA,1727588101
527,mzimba,-11.9,33.6,24.72,30,6,5.55,MW,1727588103
528,kristiansund,63.1115,7.732,6.36,70,75,5.14,NO,1727588105
529,evinayong,1.4368,10.5512,20.11,99,100,0.47,GQ,1727588107
530,ponta delgada,37.7333,-25.6667,23.4,88,40,5.66,PT,1727588109
531,mazeikiai,56.3167,22.3333,7.65,76,5,2.81,LT,1727588060
532,muroto-misakicho,33.2833,134.15,25.18,78,100,8.1,JP,1727588114
533,chaoyang,41.5703,120.4586,25.67,54,99,8.99,CN,1727588116
534,flin flon,54.7682,-101.865,8.64,53,60,1.39,CA,1727588118
535,tevriz,57.509,72.4042,13.09,56,100,4.33,RU,1727588120
536,pemangkat,1.1667,108.9667,27.55,78,100,3.04,ID,1727588122
537,ivdel',60.6911,60.4206,17.16,48,100,6.0,RU,1727588124
538,dali,25.7,100.1833,24.38,54,96,3.13,CN,1727588126
539,pisco,-13.7,-76.2167,16.03,88,100,5.14,PE,1727588128
540,morehead city,34.7229,-76.726,25.57,94,42,0.89,US,1727588130
541,cannonvale,-20.2833,148.7,25.66,67,2,3.66,AU,1727588132
542,kolobrzeg,54.1757,15.5834,11.06,72,63,8.16,PL,1727588134
543,lanzhou,36.0564,103.7922,4.74,97,100,2.74,CN,1727588136
544,baise city,23.8997,106.6133,31.86,99,98,1.47,CN,1727588139
545,labytnangi,66.6572,66.4183,10.11,80,100,4.18,RU,1727588141
546,vila nova da barquinha,39.4756,-8.4095,13.28,63,22,1.53,PT,1727588143
547,longboat key,27.4125,-82.659,26.72,58,9,3.05,US,1727588146
548,kloulklubed,7.0419,134.2556,29.37,73,21,5.46,PW,1727588148
549,beaufort west,-32.3567,22.583,9.33,49,80,8.8,ZA,1727588150
550,valle aurina - ahrntal,46.9962,11.9799,-0.34,88,81,3.0,IT,1727588152
551,torrelodones,40.5765,-3.9266,10.67,39,47,1.16,ES,1727588154
552,sungai raya,0.7,108.9,28.65,71,98,3.08,ID,1727588158
553,al quwayrah,29.8004,35.3116,20.33,51,0,2.06,JO,1727588160
554,patterson,37.4716,-121.1297,21.11,61,0,0.87,US,1727588162
555,itaituba,-4.2761,-55.9836,23.19,97,99,0.57,BR,1727588164
556,tucupita,9.0622,-62.051,23.45,98,72,1.05,VE,1727588166
557,borogontsy,62.6683,131.1683,2.79,67,100,3.46,RU,1727588168
558,pecos,31.4229,-103.4932,23.81,37,0,0.0,US,1727588170
559,cubulco,15.1333,-90.5833,19.31,97,81,0.58,GT,1727588174
560,khash,28.2211,61.2158,27.93,22,3,1.82,IR,1727588177
561,yinchuan,38.4681,106.2731,14.77,40,100,2.63,CN,1727588179
562,naantali,60.4674,22.0243,3.54,100,75,1.03,FI,1727588181
563,shortandy,51.7006,70.9994,16.58,39,62,2.27,KZ,1727588183
564,dalyellup,-33.3986,115.6168,16.26,72,90,5.42,AU,1727588185
565,tobruk,32.0836,23.9764,24.65,75,42,6.14,LY,1727588187
566,tadine,-21.55,167.8833,23.86,74,75,5.06,NC,1727588189
567,san martin,-33.081,-68.4681,18.03,27,1,3.59,AR,1727588192
568,monrovia,6.3005,-10.7969,24.33,89,100,1.83,LR,1727588194
